pathway,Early_primary_SPCs,Late_primary_SPCs,Elongated_Spermatids,Round_Spermatids,SPGs,SSCs,Sperm
Vitamin B6 metabolism,-0.939425458082669,0.0904634161219728,1.14818228159462,1.0985584397445,-1.00774554385774,-1.05888258086099,0.66884944534031
Phenylalanine metabolism,-0.70735242839676,-0.877561230444788,1.05584264313602,1.36616928248284,-0.718858570754537,-0.841605846541795,0.723366150519014
"Phenylalanine, tyrosine and tryptophan biosynthesis",-0.589740043355122,-0.457514993188012,1.23984424636155,1.5024334521515,-0.796107545323195,-1.00197690717164,0.103061790524918
Glycosphingolipid biosynthesis - lacto and neolacto series,-0.332805446064684,-0.642280643325385,-0.527819164387933,-0.650569572767719,0.982926368194056,1.83500343564557,-0.664454977293908
beta-Alanine metabolism,-0.0094911917083709,-0.304900034081055,-0.386130327440938,-0.860549896992089,0.86593406104954,1.76634516368153,-1.07120777450862
Folate biosynthesis,0.0258063414517967,-0.400810761625373,-0.849468618704536,-0.856732567256692,1.59143933051661,1.17506658613058,-0.685300310512391
Pyrimidine metabolism,0.447529135264422,0.290150150252556,-0.583446746549517,-0.896251600952281,1.63178710908047,0.424966758756755,-1.3147348058524
D-Glutamine and D-glutamate metabolism,0.500681097168585,-0.617916753702132,-0.765786183727611,-0.871613938633608,0.507300270082175,1.84556821832019,-0.598232709507594
Selenocompound metabolism,0.215812542642175,-0.109044852390622,-0.57674274053936,-0.943358250153961,1.31703378769439,1.26875665331076,-1.17245714056339
Lysine degradation,1.06865202643591,0.0753825538604309,-0.168977705209063,-0.879959215845373,0.531591729558665,1.02278012548112,-1.64946951428168
Metabolism of xenobiotics by cytochrome P450,-1.20709038174807,-0.0794418374388695,0.503994337988319,0.793605621656491,-1.11238985569683,-0.400373967364386,1.50169608260335
Drug metabolism - cytochrome P450,-1.13607155843194,-0.0785092636918955,0.443676557406519,0.850838971766431,-1.11624412883029,-0.481703354582609,1.51801277636379
Starch and sucrose metabolism,-1.06722684349901,-1.24867788079868,0.891260803650427,0.283939225845278,-0.72622992242734,0.653529121072639,1.21340549615668
Ascorbate and aldarate metabolism,-0.227892579759426,-1.1437286510121,-0.38703898377116,-0.596137130065815,1.00301725363635,1.72828559229259,-0.376505501320442
Purine metabolism,0.263386188028821,0.0643676720989427,-0.554054685588613,-0.843745809477655,1.71985275082558,0.607455096004283,-1.25726121189136
Arginine biosynthesis,-0.605504926067099,-1.15277189965869,0.0631328724666946,0.122541488278796,-0.489419223920638,0.051219882959627,2.01080180594131
Pentose and glucuronate interconversions,0.206195296109531,-0.327492985736253,-0.764242757810462,-0.646818383077277,1.50323910678494,1.1520217379909,-1.12290201426138
Glycosphingolipid biosynthesis - globo and isoglobo series,1.03493963939274,-0.857117375276948,-0.986122884491657,-0.653735078869259,0.852387267680273,1.27488663439048,-0.665238202825641
Glycosaminoglycan biosynthesis - heparan sulfate / heparin,1.61837387812462,-0.980771196184157,-1.34381580534819,-0.354752284208643,0.622092252151819,0.17493851033879,0.263934645125758
"Neomycin, kanamycin and gentamicin biosynthesis",-0.567131582694122,-0.709019551286089,-0.365994283038441,0.318235288491722,-0.448492626661651,-0.372483676395943,2.14488643158452
Tyrosine metabolism,-1.15613829433079,-0.922758582395214,1.07041567707453,0.952827235793374,-0.61953919351891,-0.419509644971974,1.09470280234899
Glycosylphosphatidylinositol (GPI)-anchor biosynthesis,1.66010135766274,0.717198345998093,-0.362982714654162,-0.789956335537509,0.432533724775237,-0.373382557342561,-1.28351182090184
Nitrogen metabolism,-0.438838950464669,-0.716112599617915,-0.510302975051171,-0.340672434748999,-0.305833989160822,0.118459992173333,2.19330095687024
Synthesis and degradation of ketone bodies,-0.451539899489784,0.94460203711384,0.767673879296374,0.564721761777743,-0.616370022467946,-1.80553227350863,0.596444517278401
"Valine, leucine and isoleucine biosynthesis",-0.558119042063248,-0.762783093941175,-0.692410642752483,-0.0373917611317733,0.072497445322256,-0.165003664030315,2.14321075859674
Biotin metabolism,-0.696830192088972,0.180690844171549,1.76916441201829,0.828272675756792,-0.782198460010774,-0.325407495351123,-0.973691784495766
One carbon pool by folate,-0.336547885988192,0.746471276982051,0.0271067699887674,-0.743264362133029,1.02452244813028,0.957807700701796,-1.67609594768167
Other types of O-glycan biosynthesis,-0.138779453752553,-0.233593563623886,-0.92419629379393,-0.956894173325789,1.32221097774036,1.45923874739047,-0.527986240634671
Oxidative phosphorylation,-0.550735129698817,1.1703182360014,0.629634540272096,0.122864992869272,0.78297482069048,-0.377412780903805,-1.77764467923062
Fatty acid biosynthesis,-0.624490798199665,-0.834118219696613,-0.361907944224359,1.06061520963603,-0.351192373476859,-0.652297068927183,1.76339119488865
Riboflavin metabolism,-0.106625580763993,-0.707163435486588,-0.580376033873032,-1.21264370375285,0.457950605410987,0.311967488320889,1.83689066014458
Arachidonic acid metabolism,0.399532798848895,0.539218574020483,-0.93553685292039,-1.16795050899869,0.511758462014823,1.51711732200718,-0.864139794972301
Glutathione metabolism,-1.57525584999747,-0.449795774979716,0.663584893011749,0.836482743916902,-0.38513431477895,-0.443194257642948,1.35331256047043
Phosphonate and phosphinate metabolism,-0.523633694145726,0.201930385819519,0.615637349756821,1.17319706711776,-1.29852766453912,-1.14005820734807,0.971454763338814
Mannose type O-glycan biosynthesis,0.990817772183599,0.401940315674811,-1.21695515004169,-0.477967316314648,0.858341850072549,0.783955074691525,-1.34013254626614
Steroid hormone biosynthesis,-0.450708057153139,-0.682340340877672,0.0257146391621745,0.268215851010805,-0.817431583093822,-0.440267808008708,2.09681729896036
Mucin type O-glycan biosynthesis,-1.04530182442238,-1.35176963187848,0.723070502164474,0.804651789914897,-0.408397370324406,-0.0418105759012719,1.31955711044716
Linoleic acid metabolism,-0.600627981132626,1.19041105484178,1.05621326888221,0.653701123910772,-1.37499597863895,-0.887265769509948,-0.037435718353239
Biosynthesis of unsaturated fatty acids,0.68708449816649,0.611291870713915,-0.198656412724429,-1.37277197151828,0.81695995457657,0.82689278825398,-1.37080072746824
Drug metabolism - other enzymes,0.856897475372835,0.214217609854493,-0.87890486913201,-0.650445111312067,1.50208757373302,0.26012341431519,-1.30397609283146
Other glycan degradation,1.46968452582311,0.640050545857307,-0.27710207313474,-1.09556943032129,0.192943427705705,0.452498841317932,-1.38250583724803
Histidine metabolism,-0.733287222080249,-1.43430377903019,0.805731704611293,-0.150919136110886,-0.0048049418519111,1.6480412633471,-0.130457888885153
Propanoate metabolism,-0.544460261768181,1.20621765072217,1.05973621467975,0.698239059306199,-0.636420740846188,-0.324694186022764,-1.45861773607099
N-Glycan biosynthesis,0.665183978873623,0.769502912428895,-0.275157250806858,-0.801523455268454,1.09412279644731,0.272885006530112,-1.72501398820462
Pantothenate and CoA biosynthesis,-0.0740436014689134,-1.19343428299335,-0.910099398212252,-0.426243723093651,1.33211196782613,1.33482637024161,-0.0631173322995716
Glycerolipid metabolism,-0.767390242407128,-1.19186654880818,-0.485992488085394,-0.247553639970178,0.419809373404444,1.8197262741914,0.453267271675041
Pyruvate metabolism,-0.448257591139579,1.04923851837363,1.31426951688418,0.741972640925068,-0.735905521993325,-0.832112341838547,-1.08920522121143
Retinol metabolism,-0.456503454587291,-1.58657880813215,0.0546834546518246,1.37259827690351,-0.659481197634325,0.373757578050938,0.901524150747488
alpha-Linolenic acid metabolism,-0.380247761181079,1.8172678783515,0.834747635472878,0.0693875402796248,-0.793365985184107,-0.883611096877126,-0.664178210861693
Thiamine metabolism,-1.49075656983599,0.131539249250315,0.755674774778285,-0.852204238646847,0.071430302352311,-0.173802929091771,1.5581194111937
Ether lipid metabolism,0.895820942357697,-1.12986230449903,-0.748239375274749,-0.0586051724634324,1.35885325348152,0.695588005373751,-1.01355534897575
Steroid biosynthesis,0.664178022804887,0.510578479366876,0.0428010313805383,-0.5324256531825,1.54282966756139,-0.839537288582202,-1.38842425934899
Butanoate metabolism,-0.522061795926138,1.24008071109244,1.23239869942002,0.51024180282866,-0.974625546645634,-1.16518678912465,-0.3208470816447
Cysteine and methionine metabolism,-0.648487189958143,0.958148834788297,1.09973947078976,0.279558766560366,0.302058715521694,-0.189122861880426,-1.80189573582155
Glycosphingolipid biosynthesis - ganglio series,0.126460759767788,-1.26926117808235,0.673235981026268,-0.638898236895681,1.13750011220313,1.03838631068912,-1.06742374870828
Primary bile acid biosynthesis,-0.439090670436896,-1.45290024421245,-0.219311075475776,1.38770732127278,-0.525337180439836,0.0471632436711865,1.20176860562099
Fatty acid elongation,0.521270470370647,0.161248260436966,-0.111278363034254,-0.973447777274772,0.969968610227519,1.06524451442674,-1.63300571515285
Lipoic acid metabolism,-0.686459655089376,0.495550992028764,1.49149700567819,1.02009019365839,-1.154888746589,-0.631649900851977,-0.534139888834989
Ubiquinone and other terpenoid-quinone biosynthesis,0.529509880215541,0.365000769321712,-0.823494997542672,-0.976524415705855,1.73446678713869,0.134469547675808,-0.963427571103227
Glycosaminoglycan biosynthesis - keratan sulfate,-1.08986420811078,-0.731300009930532,0.945641961681561,0.0966961275533511,0.966907972308245,1.0062338225146,-1.19431566601644
Galactose metabolism,-1.06887834179181,-1.27375963698837,-0.336580252314861,0.42009090854007,-0.117962501053067,0.958241119459927,1.41884870414811
"Alanine, aspartate and glutamate metabolism",-0.499111266752027,-1.47366866714896,0.0056732419732827,-0.0414546883224614,-0.260750498228553,0.451077522824152,1.81823435565457
Inositol phosphate metabolism,0.501783426889161,-0.625184008982974,-1.6775645818913,-0.365404882081598,0.0473159137869047,1.34429073102939,0.774763401250415
Nicotinate and nicotinamide metabolism,-0.753841621074365,-0.391840028527043,1.81781150583575,0.781054560249632,-0.684376817858798,-0.932032831993413,0.163225233368236
Porphyrin and chlorophyll metabolism,0.211642687455218,0.152342175973625,-0.417548171526488,-1.16397148108798,1.62001939511859,0.719996911452935,-1.12248151738589
Terpenoid backbone biosynthesis,-0.406699727548559,0.14631334867454,0.831618253028652,1.23599895575434,0.584255572556124,-1.63899663752195,-0.752489764943143
"Glycine, serine and threonine metabolism",-0.0193934854791731,-0.0175992348798403,-1.50386575723281,0.186240792040542,1.30939684802304,1.01947393589404,-0.974253098365795
Arginine and proline metabolism,0.260891049531099,-0.973630923553574,-0.145970484512601,-0.0669611379069569,1.67840755652016,0.587434282362497,-1.34017034244062
Glycolysis / Gluconeogenesis,-1.61049824293182,0.0627434145040962,0.704816967157658,1.43668749172883,-0.571540354902305,-0.518359881282076,0.496150605725616
Fructose and mannose metabolism,-1.56230368986352,-1.03348472214533,0.0836397798435429,-0.027455775048612,0.455870533068501,0.813201564394055,1.27053230975136
Glycosaminoglycan degradation,-0.283915738723949,0.58318677081492,-1.44125160526555,-0.364946721322218,1.50096856914394,0.749962744621784,-0.744004019268927
Glycerophospholipid metabolism,-0.335258548440749,-0.822089527517954,-0.892573619885262,-0.129711752814467,-0.286651147235441,0.434766141449786,2.03151845444409
Sphingolipid metabolism,0.671855915891682,-0.236705284887565,-0.700989279691642,-0.926815019552905,0.985124122182369,1.35879552829503,-1.15126598223696
Glycosaminoglycan biosynthesis - chondroitin sulfate / dermatan sulfate,-0.716241438519981,-1.36076785285992,0.771901055368976,1.36453452244721,-0.520023442834769,-0.402561634960405,0.863158791358887
"Valine, leucine and isoleucine degradation",0.0392337298278553,-0.701869617212723,-0.632111515881506,-0.807957546095437,1.38485606538401,1.42616376803763,-0.708314884059834
Pentose phosphate pathway,-0.411125053696815,-0.4864604213172,0.0677272931381579,-0.407795753196535,1.94971658328039,0.471173826855744,-1.18323647506374
Caffeine metabolism,-0.649731171273645,-0.536099702183136,0.721224091160743,1.87663375328092,-0.911423137444401,-0.632750505618446,0.132146672077966
